GCT;0.2353
GGT;0.218
GTC;0.2156
TTG;0.2166
GTT;0.23
GCC;0.1263
CCA;0.05161
ACT;-0.01878
TCT;-0.05455
TCC;-0.02539
ACC;0.005325
ATC;0.09195
AAG;0.223
TAC;0.1261
TTC;0.1582
GAA;0.06644
CGT;0.1317
CAA;0.008241
CAC;0.06492
AAC;-0.01603
GAC;-0.0287
ATT;0.07296
AGA;0.1897
CCT;-0.1245
GGC;-0.02925
TGG;0.04908
TGT;0.03108
TTA;-0.004438
GAT;-0.1046
ATG;0.0197
TTT;0.01663
TGC;-0.01034
GCA;-0.1171
CAT;-0.08393
TAT;-0.04594
CCC;-0.16
GGG;-0.07873
GTG;-0.04572
CGC;-0.07809
GCG;-0.1098
TCA;-0.1997
GAG;-0.1105
GGA;-0.103
TCG;-0.1856
CGG;-0.07727
CTT;-0.06929
AAT;-0.2083
CTA;-0.0291
CAG;-0.1153
CTC;-0.05574
ACA;-0.2063
AAA;-0.02453
AGC;-0.1612
ACG;-0.1711
AGT;-0.1695
CTG;-0.1084
CCG;-0.1663
GTA;-0.08684
AGG;-0.129
CGA;-0.09717
ATA;-0.115
