GCT;0.2503
GGT;0.3136
GTC;0.2523
TTG;0.1996
GTT;0.2176
GCC;0.2491
CCA;0.08691
ACT;0.1164
TCT;0.04021
TCC;0.05852
ACC;0.1385
ATC;0.1532
AAG;0.09481
TAC;0.1589
TTC;0.1922
GAA;-0.008333
CGT;0.1042
CAA;-0.0336
CAC;0.0485
AAC;-0.04229
GAC;0.07582
ATT;0.1026
AGA;-0.0487
CCT;0.02793
GGC;0.1406
TGG;0.09725
TGT;0.01197
TTA;-0.04909
GAT;-0.07736
ATG;-0.01306
TTT;0.0049
TGC;-0.05099
GCA;0.01776
CAT;-0.0622
TAT;-0.02262
CCC;-0.05089
GGG;0.03019
GTG;0.05564
CGC;-0.02141
GCG;0.0121
TCA;-0.1832
GAG;-0.05956
GGA;-0.011
TCG;-0.1276
CGG;-0.1141
CTT;-0.07943
AAT;-0.26
CTA;-0.08163
CAG;-0.1055
CTC;-0.08644
ACA;-0.1371
AAA;-0.1662
AGC;-0.1501
ACG;-0.1436
AGT;-0.1396
CTG;-0.08755
CCG;-0.1687
GTA;-0.1008
AGG;-0.1908
CGA;-0.2064
ATA;-0.311
